"Cluster","Tmean"
1,26.4010762946479
2,23.2494464006183
