"Cluster","PerUrban"
1,0.0205861965130433
2,0.075503713975902
3,0.0479987352762331
